{"lr": 7.42574257425742e-06, "data_time": 0.014232392311096192, "loss": 3.545294790267944, "sup_loss_rpn_cls": 0.2001296353340149, "sup_loss_rpn_bbox": 0.883241513967514, "sup_loss_cls": 1.1736331957578658, "sup_acc": 49.08256912231445, "sup_num_pred_fg": 52.0, "sup_num_pred_bg": 166.0, "sup_num_gt_fg": 89.0, "sup_num_gt_bg": 129.0, "sup_acc_fg": 8.988763809204102, "sup_acc_bg": 76.74418640136719, "sup_loss_bbox": 1.2882904493808747, "time": 3.195810384750366, "epoch": 1, "iter": 50, "memory": 25310, "step": 50}
{"lr": 9.90099009900989e-06, "data_time": 0.03170130729675293, "loss": 2.7831785774230955, "sup_loss_rpn_cls": 0.16360288366675377, "sup_loss_rpn_bbox": 0.6004376482963562, "sup_loss_cls": 0.5197607237100601, "sup_acc": 65.97222137451172, "sup_num_pred_fg": 56.0, "sup_num_pred_bg": 232.0, "sup_num_gt_fg": 117.0, "sup_num_gt_bg": 171.0, "sup_acc_fg": 29.059829711914062, "sup_acc_bg": 91.22806549072266, "sup_loss_bbox": 1.3307604372501374, "time": 3.3146248722076415, "unsup_loss_rpn_cls": 0.3123721033334732, "unsup_loss_rpn_bbox": 0.9594119489192963, "unsup_loss_cls": 1.3380461037158966, "unsup_acc": 47.83281707763672, "unsup_num_pred_fg": 211.0, "unsup_num_pred_bg": 435.0, "unsup_num_gt_fg": 259.0, "unsup_num_gt_bg": 387.0, "unsup_acc_fg": 24.324323654174805, "unsup_acc_bg": 63.56589126586914, "unsup_loss_bbox": 1.6055915355682373, "epoch": 1, "iter": 100, "memory": 25317, "step": 100}
{"lr": 1.2376237623762357e-05, "data_time": 0.04006237030029297, "loss": 2.5108569979667665, "sup_loss_rpn_cls": 0.14949599370360375, "sup_loss_rpn_bbox": 0.5541659259796142, "sup_loss_cls": 0.40096069753170016, "sup_acc": 57.14285659790039, "sup_num_pred_fg": 10.0, "sup_num_pred_bg": 193.0, "sup_num_gt_fg": 81.0, "sup_num_gt_bg": 122.0, "sup_acc_fg": 0.0, "sup_acc_bg": 95.08196258544922, "sup_loss_bbox": 1.4062343764305114, "time": 3.181656951904297, "unsup_loss_rpn_cls": 0.3123721033334732, "unsup_loss_rpn_bbox": 0.9594119489192963, "unsup_loss_cls": 1.3380461037158966, "unsup_acc": 47.83281707763672, "unsup_num_pred_fg": 211.0, "unsup_num_pred_bg": 435.0, "unsup_num_gt_fg": 259.0, "unsup_num_gt_bg": 387.0, "unsup_acc_fg": 24.324323654174805, "unsup_acc_bg": 63.56589126586914, "unsup_loss_bbox": 1.6055915355682373, "epoch": 1, "iter": 150, "memory": 25317, "step": 150}
