{"lr": 7.42574257425742e-06, "data_time": 0.04162790298461914, "loss": 2.183185665607452, "sup_loss_rpn_cls": 0.20532431393861772, "sup_loss_rpn_bbox": 0.7042193108797073, "sup_loss_cls": 0.661829823255539, "sup_acc": 68.98734283447266, "sup_num_pred_fg": 59.0, "sup_num_pred_bg": 99.0, "sup_num_gt_fg": 52.0, "sup_num_gt_bg": 106.0, "sup_acc_fg": 25.0, "sup_acc_bg": 90.5660400390625, "sup_loss_bbox": 0.5856850953400135, "time": 3.2816684579849245, "unsup_loss_rpn_cls": 0.12144052982330322, "unsup_loss_rpn_bbox": 0.8544138073921204, "unsup_loss_cls": 0.330502986907959, "unsup_acc": 79.80769348144531, "unsup_num_pred_fg": 274.0, "unsup_num_pred_bg": 662.0, "unsup_num_gt_fg": 312.0, "unsup_num_gt_bg": 624.0, "unsup_acc_fg": 63.46154022216797, "unsup_acc_bg": 87.98077392578125, "unsup_loss_bbox": 0.0, "epoch": 1, "iter": 50, "memory": 25318, "step": 50}
{"lr": 9.90099009900989e-06, "data_time": 0.03402449607849121, "loss": 2.0791881561279295, "sup_loss_rpn_cls": 0.16790623292326928, "sup_loss_rpn_bbox": 0.5172095888853073, "sup_loss_cls": 0.3838486671447754, "sup_acc": 68.07511901855469, "sup_num_pred_fg": 26.0, "sup_num_pred_bg": 187.0, "sup_num_gt_fg": 67.0, "sup_num_gt_bg": 146.0, "sup_acc_fg": 17.910446166992188, "sup_acc_bg": 91.09589385986328, "sup_loss_bbox": 0.979329748749733, "time": 3.1735079860687256, "unsup_loss_rpn_cls": 0.12138710916042328, "unsup_loss_rpn_bbox": 0.7848735749721527, "unsup_loss_cls": 0.5192660689353943, "unsup_acc": 59.91379165649414, "unsup_num_pred_fg": 71.0, "unsup_num_pred_bg": 625.0, "unsup_num_gt_fg": 232.0, "unsup_num_gt_bg": 464.0, "unsup_acc_fg": 3.879310369491577, "unsup_acc_bg": 87.9310302734375, "unsup_loss_bbox": 0.0, "epoch": 1, "iter": 100, "memory": 25318, "step": 100}
{"lr": 1.2376237623762357e-05, "data_time": 0.033494510650634766, "loss": 2.0763215899467466, "sup_loss_rpn_cls": 0.15850328415632248, "sup_loss_rpn_bbox": 0.49740192711353304, "sup_loss_cls": 0.33074209839105606, "sup_acc": 70.73170471191406, "sup_num_pred_fg": 25.0, "sup_num_pred_bg": 98.0, "sup_num_gt_fg": 37.0, "sup_num_gt_bg": 86.0, "sup_acc_fg": 32.43243408203125, "sup_acc_bg": 87.20929718017578, "sup_loss_bbox": 1.0615648090839387, "time": 3.2039055585861207, "unsup_loss_rpn_cls": 0.12473153571287791, "unsup_loss_rpn_bbox": 0.7271310687065125, "unsup_loss_cls": 0.5669798652331034, "unsup_acc": 59.412776947021484, "unsup_num_pred_fg": 56.0, "unsup_num_pred_bg": 523.0, "unsup_num_gt_fg": 193.0, "unsup_num_gt_bg": 386.0, "unsup_acc_fg": 2.5906734466552734, "unsup_acc_bg": 87.82383728027344, "unsup_loss_bbox": 0.0, "epoch": 1, "iter": 150, "memory": 25318, "step": 150}
{"lr": 1.485148514851483e-05, "data_time": 0.05168076038360596, "loss": 2.0079884934425354, "sup_loss_rpn_cls": 0.14914580062031746, "sup_loss_rpn_bbox": 0.4647586137056351, "sup_loss_cls": 0.327428897023201, "sup_acc": 62.5396842956543, "sup_num_pred_fg": 22.0, "sup_num_pred_bg": 293.0, "sup_num_gt_fg": 105.0, "sup_num_gt_bg": 210.0, "sup_acc_fg": 0.0, "sup_acc_bg": 93.80952453613281, "sup_loss_bbox": 1.0666551887989044, "time": 3.0589726543426514, "unsup_loss_rpn_cls": 0.12473153571287791, "unsup_loss_rpn_bbox": 0.7271310687065125, "unsup_loss_cls": 0.5669798652331034, "unsup_acc": 59.412776947021484, "unsup_num_pred_fg": 56.0, "unsup_num_pred_bg": 523.0, "unsup_num_gt_fg": 193.0, "unsup_num_gt_bg": 386.0, "unsup_acc_fg": 2.5906734466552734, "unsup_acc_bg": 87.82383728027344, "unsup_loss_bbox": 0.0, "epoch": 1, "iter": 200, "memory": 25318, "step": 200}
{"lr": 1.7326732673267288e-05, "data_time": 0.03507332324981689, "loss": 2.105693371295929, "sup_loss_rpn_cls": 0.13930744752287866, "sup_loss_rpn_bbox": 0.4583088558912277, "sup_loss_cls": 0.3261324065923691, "sup_acc": 54.82041931152344, "sup_num_pred_fg": 74.0, "sup_num_pred_bg": 455.0, "sup_num_gt_fg": 175.0, "sup_num_gt_bg": 354.0, "sup_acc_fg": 0.5714285969734192, "sup_acc_bg": 81.63842010498047, "sup_loss_bbox": 1.1285274291038514, "time": 3.1975824642181396, "unsup_loss_rpn_cls": 0.12850700318813324, "unsup_loss_rpn_bbox": 0.6801446318626404, "unsup_loss_cls": 0.576826149225235, "unsup_acc": 65.56473541259766, "unsup_num_pred_fg": 28.0, "unsup_num_pred_bg": 698.0, "unsup_num_gt_fg": 242.0, "unsup_num_gt_bg": 484.0, "unsup_acc_fg": 4.132231712341309, "unsup_acc_bg": 96.28099060058594, "unsup_loss_bbox": 0.0, "epoch": 1, "iter": 250, "memory": 25318, "step": 250}
{"lr": 1.980198019801974e-05, "data_time": 0.03659853458404541, "loss": 2.129592571258545, "sup_loss_rpn_cls": 0.13923702672123908, "sup_loss_rpn_bbox": 0.44885877311229705, "sup_loss_cls": 0.32998112857341766, "sup_acc": 64.53287506103516, "sup_num_pred_fg": 37.0, "sup_num_pred_bg": 541.0, "sup_num_gt_fg": 192.0, "sup_num_gt_bg": 386.0, "sup_acc_fg": 1.5625, "sup_acc_bg": 95.85491943359375, "sup_loss_bbox": 1.2115156590938567, "time": 3.0937271308898926, "unsup_loss_rpn_cls": 0.12850700318813324, "unsup_loss_rpn_bbox": 0.6801446318626404, "unsup_loss_cls": 0.576826149225235, "unsup_acc": 65.56473541259766, "unsup_num_pred_fg": 28.0, "unsup_num_pred_bg": 698.0, "unsup_num_gt_fg": 242.0, "unsup_num_gt_bg": 484.0, "unsup_acc_fg": 4.132231712341309, "unsup_acc_bg": 96.28099060058594, "unsup_loss_bbox": 0.0, "epoch": 1, "iter": 300, "memory": 25318, "step": 300}
{"lr": 2.227722772277222e-05, "data_time": 0.030770230293273925, "loss": 2.096084620952606, "sup_loss_rpn_cls": 0.1343967965245247, "sup_loss_rpn_bbox": 0.4458473765850067, "sup_loss_cls": 0.319891200363636, "sup_acc": 64.70587921142578, "sup_num_pred_fg": 29.0, "sup_num_pred_bg": 107.0, "sup_num_gt_fg": 42.0, "sup_num_gt_bg": 94.0, "sup_acc_fg": 16.66666603088379, "sup_acc_bg": 86.17021179199219, "sup_loss_bbox": 1.1959492349624634, "time": 3.1247577619552613, "unsup_loss_rpn_cls": 0.12850700318813324, "unsup_loss_rpn_bbox": 0.6801446318626404, "unsup_loss_cls": 0.576826149225235, "unsup_acc": 65.56473541259766, "unsup_num_pred_fg": 28.0, "unsup_num_pred_bg": 698.0, "unsup_num_gt_fg": 242.0, "unsup_num_gt_bg": 484.0, "unsup_acc_fg": 4.132231712341309, "unsup_acc_bg": 96.28099060058594, "unsup_loss_bbox": 0.0, "epoch": 1, "iter": 350, "memory": 25318, "step": 350}
{"lr": 2.4752475247524683e-05, "data_time": 0.04167420864105224, "loss": 2.146770372390747, "sup_loss_rpn_cls": 0.13240866914391516, "sup_loss_rpn_bbox": 0.4299412083625793, "sup_loss_cls": 0.33244664788246153, "sup_acc": 65.20146942138672, "sup_num_pred_fg": 21.0, "sup_num_pred_bg": 525.0, "sup_num_gt_fg": 178.0, "sup_num_gt_bg": 368.0, "sup_acc_fg": 0.0, "sup_acc_bg": 96.73912811279297, "sup_loss_bbox": 1.2297031152248383, "time": 3.150305972099304, "unsup_loss_rpn_cls": 0.1352202668786049, "unsup_loss_rpn_bbox": 0.6464912792046865, "unsup_loss_cls": 0.5584427068630854, "unsup_acc": 68.0952377319336, "unsup_num_pred_fg": 12.0, "unsup_num_pred_bg": 408.0, "unsup_num_gt_fg": 140.0, "unsup_num_gt_bg": 280.0, "unsup_acc_fg": 6.428571701049805, "unsup_acc_bg": 98.92857360839844, "unsup_loss_bbox": 0.0, "epoch": 1, "iter": 400, "memory": 25318, "step": 400}
{"lr": 2.722772277227716e-05, "data_time": 0.05159919261932373, "loss": 2.1337211084365846, "sup_loss_rpn_cls": 0.13097015187144279, "sup_loss_rpn_bbox": 0.4308580553531647, "sup_loss_cls": 0.3105759596824646, "sup_acc": 58.98305130004883, "sup_num_pred_fg": 45.0, "sup_num_pred_bg": 250.0, "sup_num_gt_fg": 95.0, "sup_num_gt_bg": 200.0, "sup_acc_fg": 2.1052632331848145, "sup_acc_bg": 86.0, "sup_loss_bbox": 1.2384700679779053, "time": 3.2074903059005737, "unsup_loss_rpn_cls": 0.13966005401951925, "unsup_loss_rpn_bbox": 0.6247724039213998, "unsup_loss_cls": 0.5474631062575749, "unsup_acc": 66.2525863647461, "unsup_num_pred_fg": 20.0, "unsup_num_pred_bg": 463.0, "unsup_num_gt_fg": 161.0, "unsup_num_gt_bg": 322.0, "unsup_acc_fg": 3.726707935333252, "unsup_acc_bg": 97.5155258178711, "unsup_loss_bbox": 0.0, "epoch": 1, "iter": 450, "memory": 25318, "step": 450}
{"lr": 2.9702970297029624e-05, "data_time": 0.0414729118347168, "loss": 2.11794264793396, "sup_loss_rpn_cls": 0.12809372782707215,