{"bboxes": [[14.916946411132812, 115.879638671875, 126.47782897949219, 449.760986328125], [162.89614868164062, 8.472206115722656, 201.38943481445312, 153.10394287109375], [199.3882598876953, 572.6995239257812, 227.08741760253906, 636.2442016601562], [142.9752197265625, 0.25368499755859375, 221.88510131835938, 164.88113403320312], [89.43301391601562, 427.52459716796875, 146.67218017578125, 593.9241333007812], [0.0, 83.96551513671875, 178.76116943359375, 558.4144287109375]], "labels": [2, 2, 1, 2, 2, 2], "scores": [0.9971585273742676, 0.8681848645210266, 0.2691608667373657, 0.07524149119853973, 0.056049901992082596, 0.05228171497583389]}