{"bboxes": [[136.85763549804688, 12.9080810546875, 215.399169921875, 286.1025695800781], [24.935375213623047, 222.019287109375, 96.03703308105469, 480.6622314453125], [27.55462074279785, 247.34803771972656, 73.05716705322266, 402.88262939453125], [94.58566284179688, 294.67999267578125, 229.26431274414062, 636.4227905273438], [108.02546691894531, 5.8840789794921875, 223.77137756347656, 447.29937744140625], [140.28564453125, 208.9222869873047, 228.71279907226562, 488.757080078125], [19.205238342285156, 6.528961181640625, 71.81878662109375, 158.62078857421875], [33.593902587890625, 74.1646728515625, 248.22164916992188, 622.5469360351562], [94.17933654785156, 388.52490234375, 171.0415496826172, 626.1434936523438], [52.0623664855957, 296.7574157714844, 105.36659240722656, 487.8719787597656], [123.31817626953125, 7.19940185546875, 203.60540771484375, 193.25778198242188], [135.63587951660156, 54.545074462890625, 223.45997619628906, 385.276123046875], [19.98431396484375, 99.60777282714844, 113.36685180664062, 444.3189697265625]], "labels": [2, 2, 2, 3, 2, 3, 3, 3, 2, 2, 2, 3, 3], "scores": [0.8901928067207336, 0.842380166053772, 0.402170330286026, 0.34437525272369385, 0.27222734689712524, 0.26413705945014954, 0.17568717896938324, 0.16287396848201752, 0.10533797740936279, 0.10023389011621475, 0.08292325586080551, 0.07765065878629684, 0.05652255192399025]}