{"lr": 7.42574257425742e-06, "data_time": 0.02979642391204834, "loss": 2.6779356145858766, "sup_loss_rpn_cls": 0.19524486154317855, "sup_loss_rpn_bbox": 0.8214045906066895, "sup_loss_cls": 1.32502245426178, "sup_acc": 70.1754379272461, "sup_num_pred_fg": 20.0, "sup_num_pred_bg": 37.0, "sup_num_gt_fg": 19.0, "sup_num_gt_bg": 38.0, "sup_acc_fg": 36.842105865478516, "sup_acc_bg": 86.84210205078125, "sup_loss_bbox": 0.20558988332748412, "time": 3.169174938201904, "unsup_loss_rpn_cls": 0.23641523718833923, "unsup_loss_rpn_bbox": 0.8896217346191406, "unsup_loss_cls": 5.407654285430908, "unsup_acc": 66.66666412353516, "unsup_num_pred_fg": 0.0, "unsup_num_pred_bg": 270.0, "unsup_num_gt_fg": 90.0, "unsup_num_gt_bg": 180.0, "unsup_acc_fg": 0.0, "unsup_acc_bg": 100.00000762939453, "unsup_loss_bbox": 0.0, "epoch": 1, "iter": 50, "memory": 25317, "step": 50}
{"lr": 9.90099009900989e-06, "data_time": 0.04221395492553711, "loss": 1.9846633291244506, "sup_loss_rpn_cls": 0.16220671340823173, "sup_loss_rpn_bbox": 0.5685646283626556, "sup_loss_cls": 0.3746948543190956, "sup_acc": 70.46263122558594, "sup_num_pred_fg": 47.0, "sup_num_pred_bg": 234.0, "sup_num_gt_fg": 93.0, "sup_num_gt_bg": 188.0, "sup_acc_fg": 21.5053768157959, "sup_acc_bg": 94.68084716796875, "sup_loss_bbox": 0.8449889028072357, "time": 3.1619976329803468, "unsup_loss_rpn_cls": 0.19268176704645157, "unsup_loss_rpn_bbox": 0.7869370579719543, "unsup_loss_cls": 2.90689879655838, "unsup_acc": 78.75243377685547, "unsup_num_pred_fg": 101.0, "unsup_num_pred_bg": 412.0, "unsup_num_gt_fg": 171.0, "unsup_num_gt_bg": 342.0, "unsup_acc_fg": 47.3684196472168, "unsup_acc_bg": 94.44444274902344, "unsup_loss_bbox": 0.2355332225561142, "epoch": 1, "iter": 100, "memory": 25317, "step": 100}
{"lr": 1.2376237623762357e-05, "data_time": 0.050690813064575194, "loss": 1.9551320481300354, "sup_loss_rpn_cls": 0.14381927564740182, "sup_loss_rpn_bbox": 0.4822113078832626, "sup_loss_cls": 0.3296297210454941, "sup_acc": 60.76554870605469, "sup_num_pred_fg": 24.0, "sup_num_pred_bg": 185.0, "sup_num_gt_fg": 69.0, "sup_num_gt_bg": 140.0, "sup_acc_fg": 1.4492753744125366, "sup_acc_bg": 90.0, "sup_loss_bbox": 0.9651473200321198, "time": 3.1466629219055178, "unsup_loss_rpn_cls": 0.17893028755982718, "unsup_loss_rpn_bbox": 0.7333287398020426, "unsup_loss_cls": 2.0613980392615, "unsup_acc": 65.29209899902344, "unsup_num_pred_fg": 120.0, "unsup_num_pred_bg": 462.0, "unsup_num_gt_fg": 194.0, "unsup_num_gt_bg": 388.0, "unsup_acc_fg": 28.350513458251953, "unsup_acc_bg": 83.76287841796875, "unsup_loss_bbox": 0.3464508354663849, "epoch": 1, "iter": 150, "memory": 25316, "step": 150}
{"lr": 1.485148514851483e-05, "data_time": 0.04363511085510254, "loss": 2.032165672779083, "sup_loss_rpn_cls": 0.14135122552514076, "sup_loss_rpn_bbox": 0.45923478722572325, "sup_loss_cls": 0.3047718396782875, "sup_acc": 68.4039077758789, "sup_num_pred_fg": 5.0, "sup_num_pred_bg": 302.0, "sup_num_gt_fg": 99.0, "sup_num_gt_bg": 208.0, "sup_acc_fg": 3.0303030014038086, "sup_acc_bg": 99.51922607421875, "sup_loss_bbox": 1.1268078291416168, "time": 3.111793246269226, "unsup_loss_rpn_cls": 0.17893028755982718, "unsup_loss_rpn_bbox": 0.7333287398020426, "unsup_loss_cls": 2.0613980392615, "unsup_acc": 65.29209899902344, "unsup_num_pred_fg": 120.0, "unsup_num_pred_bg": 462.0, "unsup_num_gt_fg": 194.0, "unsup_num_gt_bg": 388.0, "unsup_acc_fg": 28.350513458251953, "unsup_acc_bg": 83.76287841796875, "unsup_loss_bbox": 0.3464508354663849, "epoch": 1, "iter": 200, "memory": 25316, "step": 200}
{"lr": 1.7326732673267288e-05, "data_time": 0.041010231971740724, "loss": 2.067676525115967, "sup_loss_rpn_cls": 0.13588502883911133, "sup_loss_rpn_bbox": 0.45618128418922427, "sup_loss_cls": 0.3189810782670975, "sup_acc": 65.10416412353516, "sup_num_pred_fg": 19.0, "sup_num_pred_bg": 173.0, "sup_num_gt_fg": 64.0, "sup_num_gt_bg": 128.0, "sup_acc_fg": 9.375, "sup_acc_bg": 92.96875, "sup_loss_bbox": 1.1566291463375091, "time": 3.1274539709091185, "unsup_loss_rpn_cls": 0.17893028755982718, "unsup_loss_rpn_bbox": 0.7333287398020426, "unsup_loss_cls": 2.0613980392615, "unsup_acc": 65.29209899902344, "unsup_num_pred_fg": 120.0, "unsup_num_pred_bg": 462.0, "unsup_num_gt_fg": 194.0, "unsup_num_gt_bg": 388.0, "unsup_acc_fg": 28.350513458251953, "unsup_acc_bg": 83.76287841796875, "unsup_loss_bbox": 0.3464508354663849, "epoch": 1, "iter": 250, "memory": 25316, "step": 250}
{"lr": 1.980198019801974e-05, "data_time": 0.038811955451965335, "loss": 2.1799593496322633, "sup_loss_rpn_cls": 0.13006012231111527, "sup_loss_rpn_bbox": 0.4475337278842926, "sup_loss_cls": 0.33796043932437897, "sup_acc": 51.71339416503906, "sup_num_pred_fg": 150.0, "sup_num_pred_bg": 171.0, "sup_num_gt_fg": 105.0, "sup_num_gt_bg": 216.0, "sup_acc_fg": 36.19047546386719, "sup_acc_bg": 59.25925827026367, "sup_loss_bbox": 1.1831764602661132, "time": 3.217224917411804, "unsup_loss_rpn_cls": 0.18023183941841125, "unsup_loss_rpn_bbox": 0.6486727476119996, "unsup_loss_cls": 1.5669823348522187, "unsup_acc": 62.82051467895508, "unsup_num_pred_fg": 27.0, "unsup_num_pred_bg": 441.0, "unsup_num_gt_fg": 156.0, "unsup_num_gt_bg": 312.0, "unsup_acc_fg": 1.2820513248443604, "unsup_acc_bg": 93.5897445678711, "unsup_loss_bbox": 0.40846397876739504, "epoch": 1, "iter": 300, "memory": 25317, "step": 300}
{"lr": 2.227722772277222e-05, "data_time": 0.0440713357925415, "loss": 2.1596759581565856, "sup_loss_rpn_cls": 0.13232412189245224, "sup_loss_rpn_bbox": 0.4400063103437424, "sup_loss_cls": 0.3683264398574829, "sup_acc": 66.850830078125, "sup_num_pred_fg": 9.0, "sup_num_pred_bg": 172.0, "sup_num_gt_fg": 53.0, "sup_num_gt_bg": 128.0, "sup_acc_fg": 0.0, "sup_acc_bg": 94.53125, "sup_loss_bbox": 1.2190190839767456, "time": 3.083522386550903, "unsup_loss_rpn_cls": 0.18023183941841125, "unsup_loss_rpn_bbox": 0.6486727476119996, "unsup_loss_cls": 1.5669823348522187, "unsup_acc": 62.82051467895508, "unsup_num_pred_fg": 27.0, "unsup_num_pred_bg": 441.0, "unsup_num_gt_fg": 156.0, "unsup_num_gt_bg": 312.0, "unsup_acc_fg": 1.2820513248443604, "unsup_acc_bg": 93.5897445678711, "unsup_loss_bbox": 0.40846397876739504, "epoch": 1, "iter": 350, "memory": 25317, "step": 350}
{"lr": 2.4752475247524683e-05, "data_time": 0.049581594467163086, "loss": 2.1933343529701235, "sup_loss_rpn_cls": 0.12731194213032723, "sup_loss_rpn_bbox": 0.43776318669319153, "sup_loss_cls": 0.3325070482492447, "sup_acc": 69.13580322265625, "sup_num_pred_fg": 62.0, "sup_num_pred_bg": 505.0, "sup_num_gt_fg": 189.0, "sup_num_gt_bg": 378.0, "sup_acc_fg": 15.343915939331055, "sup_acc_bg": 96.03174591064453, "sup_loss_bbox": 1.2604432129859924, "time": 3.0820666313171388, "unsup_loss_rpn_cls": 0.1816371207435926, "unsup_loss_rpn_bbox": 0.6178739468256632, "unsup_loss_cls": 1.4207482486963272, "unsup_acc": 66.88172149658203, "unsup_num_pred_fg": 18.0, "unsup_num_pred_bg": 447.0, "unsup_num_gt_fg": 155.0, "unsup_num_gt_bg": 310.0, "unsup_acc_fg": 5.161290168762207, "unsup_acc_bg": 97.74193572998047, "unsup_loss_bbox": 0.4109411338965098, "epoch": 1, "iter": 400, "memory": 25317, "step": 400}
{"lr": 2.722772277227716e-05, "data_time": 0.04606573104858398, "loss": 2.1583589005470274, "sup_loss_rpn_cls": 0.12760823383927344, "sup_loss_rpn_bbox": 0.42155678153038023, "sup_loss_cls": 0.3661970835924149, "sup_acc": 64.36058807373047, "sup_num_pred_fg": 17.0, "sup_num_pred_bg": 460.0, "sup_num_gt_fg": 157.0, "sup_num_gt_bg": 320.0, "sup_acc_fg": 0.6369426846504211, "sup_acc_bg": 95.625, "sup_loss_bbox": 1.2061195743083954, "time": 3.0937440299987795, "unsup_loss_rpn_cls": 0.1787914058991841, "unsup_loss_rpn_bbox": 0.5943665845053536, "unsup_loss_cls": 1.3263702860900335, "unsup_acc": 64.35897827148438, "unsup_num_pred_fg": 23.0, "unsup_num_pred_bg": 367.0, "unsup_num_gt_fg": 130.0, "unsup_num_gt_bg": 260.0, "unsup_acc_fg": 5.384615421295166, "unsup_acc_bg": 93.84615325927734, "unsup_loss_bbox": 0.4191949026925223, "epoch": 1, "iter": 450, "memory": 25317, "step": 450}
{"lr": 2.9702970297029624e-05,