{"lr": 7.42574257425742e-06, "data_time": 0.028870882987976073, "loss": 2.248970264196396, "sup_loss_rpn_cls": 0.21128768861293792, "sup_loss_rpn_bbox": 0.8509675931930542, "sup_loss_cls": 0.8030017399787903, "sup_acc": 84.21052551269531, "sup_num_pred_fg": 5.0, "sup_num_pred_bg": 33.0, "sup_num_gt_fg": 6.0, "sup_num_gt_bg": 32.0, "sup_acc_fg": 0.0, "sup_acc_bg": 100.0, "sup_loss_bbox": 0.2867686093598604, "time": 3.3047054767608643, "unsup_loss_rpn_cls": 0.1275070160627365, "unsup_loss_rpn_bbox": 0.9243912100791931, "unsup_loss_cls": 3.37971568107605, "unsup_acc": 66.43025970458984, "unsup_num_pred_fg": 1.0, "unsup_num_pred_bg": 422.0, "unsup_num_gt_fg": 141.0, "unsup_num_gt_bg": 282.0, "unsup_acc_fg": 0.0, "unsup_acc_bg": 99.64539337158203, "unsup_loss_bbox": 0.415617972612381, "epoch": 1, "iter": 50, "memory": 25318, "step": 50}
{"lr": 9.90099009900989e-06, "data_time": 0.03964218616485596, "loss": 1.877754626274109, "sup_loss_rpn_cls": 0.1720223519206047, "sup_loss_rpn_bbox": 0.544563302397728, "sup_loss_cls": 0.3689764618873596, "sup_acc": 61.26760482788086, "sup_num_pred_fg": 92.0, "sup_num_pred_bg": 334.0, "sup_num_gt_fg": 142.0, "sup_num_gt_bg": 284.0, "sup_acc_fg": 10.563380241394043, "sup_acc_bg": 86.61972045898438, "sup_loss_bbox": 0.7921925255656243, "time": 3.1844911861419676, "unsup_loss_rpn_cls": 0.1275070160627365, "unsup_loss_rpn_bbox": 0.9243912100791931, "unsup_loss_cls": 3.37971568107605, "unsup_acc": 66.43025970458984, "unsup_num_pred_fg": 1.0, "unsup_num_pred_bg": 422.0, "unsup_num_gt_fg": 141.0, "unsup_num_gt_bg": 282.0, "unsup_acc_fg": 0.0, "unsup_acc_bg": 99.64539337158203, "unsup_loss_bbox": 0.415617972612381, "epoch": 1, "iter": 100, "memory": 25318, "step": 100}
{"lr": 1.2376237623762357e-05, "data_time": 0.043146491050720215, "loss": 2.1655576372146608, "sup_loss_rpn_cls": 0.15278047278523446, "sup_loss_rpn_bbox": 0.48448715269565584, "sup_loss_cls": 0.3817440533638001, "sup_acc": 64.89675903320312, "sup_num_pred_fg": 40.0, "sup_num_pred_bg": 299.0, "sup_num_gt_fg": 111.0, "sup_num_gt_bg": 228.0, "sup_acc_fg": 6.3063063621521, "sup_acc_bg": 93.42105102539062, "sup_loss_bbox": 1.0724746799468994, "time": 3.265987501144409, "unsup_loss_rpn_cls": 0.10744645446538925, "unsup_loss_rpn_bbox": 0.8976152837276459, "unsup_loss_cls": 2.8021082878112793, "unsup_acc": 60.374149322509766, "unsup_num_pred_fg": 43.0, "unsup_num_pred_bg": 545.0, "unsup_num_gt_fg": 196.0, "unsup_num_gt_bg": 392.0, "unsup_acc_fg": 1.5306122303009033, "unsup_acc_bg": 89.79591369628906, "unsup_loss_bbox": 0.46822841465473175, "epoch": 1, "iter": 150, "memory": 25317, "step": 150}
{"lr": 1.485148514851483e-05, "data_time": 0.04189110279083252, "loss": 2.193628134727478, "sup_loss_rpn_cls": 0.14426832586526872, "sup_loss_rpn_bbox": 0.4770056319236755, "sup_loss_cls": 0.3773503252863884, "sup_acc": 66.38298034667969, "sup_num_pred_fg": 16.0, "sup_num_pred_bg": 219.0, "sup_num_gt_fg": 77.0, "sup_num_gt_bg": 158.0, "sup_acc_fg": 3.896103858947754, "sup_acc_bg": 96.83544158935547, "sup_loss_bbox": 1.1531359577178955, "time": 3.184157428741455, "unsup_loss_rpn_cls": 0.10956431676944096, "unsup_loss_rpn_bbox": 0.8065416018168131, "unsup_loss_cls": 2.1923727989196777, "unsup_acc": 63.77777862548828, "unsup_num_pred_fg": 17.0, "unsup_num_pred_bg": 433.0, "unsup_num_gt_fg": 150.0, "unsup_num_gt_bg": 300.0, "unsup_acc_fg": 0.0, "unsup_acc_bg": 95.66667175292969, "unsup_loss_bbox": 0.4395853877067566, "epoch": 1, "iter": 200, "memory": 25317, "step": 200}
{"lr": 1.7326732673267288e-05, "data_time": 0.040669407844543454, "loss": 2.21145259141922, "sup_loss_rpn_cls": 0.13931619763374328, "sup_loss_rpn_bbox": 0.46102653443813324, "sup_loss_cls": 0.3530238300561905, "sup_acc": 64.48597717285156, "sup_num_pred_fg": 64.0, "sup_num_pred_bg": 364.0, "sup_num_gt_fg": 140.0, "sup_num_gt_bg": 288.0, "sup_acc_fg": 9.285714149475098, "sup_acc_bg": 91.31944274902344, "sup_loss_bbox": 1.2178150951862334, "time": 3.164357204437256, "unsup_loss_rpn_cls": 0.11244742199778557, "unsup_loss_rpn_bbox": 0.7545222640037537, "unsup_loss_cls": 1.880207821726799, "unsup_acc": 62.66667175292969, "unsup_num_pred_fg": 23.0, "unsup_num_pred_bg": 352.0, "unsup_num_gt_fg": 125.0, "unsup_num_gt_bg": 250.0, "unsup_acc_fg": 0.0, "unsup_acc_bg": 94.0, "unsup_loss_bbox": 0.4172569811344147, "epoch": 1, "iter": 250, "memory": 25318, "step": 250}
{"lr": 1.980198019801974e-05, "data_time": 0.04191006183624268, "loss": 2.1953921365737914, "sup_loss_rpn_cls": 0.1351611992716789, "sup_loss_rpn_bbox": 0.4381168353557587, "sup_loss_cls": 0.3483052587509155, "sup_acc": 65.16854095458984, "sup_num_pred_fg": 20.0, "sup_num_pred_bg": 158.0, "sup_num_gt_fg": 56.0, "sup_num_gt_bg": 122.0, "sup_acc_fg": 8.928571701049805, "sup_acc_bg": 90.98360443115234, "sup_loss_bbox": 1.2288726711273192, "time": 3.2042245197296144, "unsup_loss_rpn_cls": 0.11465770602226258, "unsup_loss_rpn_bbox": 0.7607638597488403, "unsup_loss_cls": 1.658037829399109, "unsup_acc": 62.20656967163086, "unsup_num_pred_fg": 19.0, "unsup_num_pred_bg": 407.0, "unsup_num_gt_fg": 142.0, "unsup_num_gt_bg": 284.0, "unsup_acc_fg": 0.0, "unsup_acc_bg": 93.30986022949219, "unsup_loss_bbox": 0.4474499702453613, "epoch": 1, "iter": 300, "memory": 25318, "step": 300}
{"lr": 2.227722772277222e-05, "data_time": 0.04744169235229492, "loss": 2.17894896030426, "sup_loss_rpn_cls": 0.13366447255015373, "sup_loss_rpn_bbox": 0.4383645588159561, "sup_loss_cls": 0.3389289024472237, "sup_acc": 63.67851638793945, "sup_num_pred_fg": 75.0, "sup_num_pred_bg": 572.0, "sup_num_gt_fg": 215.0, "sup_num_gt_bg": 432.0, "sup_acc_fg": 7.90697717666626, "sup_acc_bg": 91.4351806640625, "sup_loss_bbox": 1.240799777507782, "time": 3.2830598640441893, "unsup_loss_rpn_cls": 0.11535578221082687, "unsup_loss_rpn_bbox": 0.7206798791885376, "unsup_loss_cls": 1.451141819357872, "unsup_acc": 68.80733489990234, "unsup_num_pred_fg": 47.0, "unsup_num_pred_bg": 280.0, "unsup_num_gt_fg": 109.0, "unsup_num_gt_bg": 218.0, "unsup_acc_fg": 22.018348693847656, "unsup_acc_bg": 92.20183563232422, "unsup_loss_bbox": 0.42350737750530243, "epoch": 1, "iter": 350, "memory": 25318, "step": 350}
{"lr": 2.4752475247524683e-05, "data_time": 0.04750821590423584, "loss": 2.155152668952942, "sup_loss_rpn_cls": 0.1325120808184147, "sup_loss_rpn_bbox": 0.433924400806427, "sup_loss_cls": 0.3443636280298233, "sup_acc": 66.53226470947266, "sup_num_pred_fg": 14.0, "sup_num_pred_bg": 730.0, "sup_num_gt_fg": 246.0, "sup_num_gt_bg": 498.0, "sup_acc_fg": 2.032520294189453, "sup_acc_bg": 98.3935775756836, "sup_loss_bbox": 1.244352548122406, "time": 3.1960836124420164, "unsup_loss_rpn_cls": 0.11535578221082687, "unsup_loss_rpn_bbox": 0.7206798791885376, "unsup_loss_cls": 1.451141819357872, "unsup_acc": 68.80733489990234, "unsup_num_pred_fg": 47.0, "unsup_num_pred_bg": 280.0, "unsup_num_gt_fg": 109.0, "unsup_num_gt_bg": 218.0, "unsup_acc_fg": 22.018348693847656, "unsup_acc_bg": 92.20183563232422, "unsup_loss_bbox": 0.42350737750530243, "epoch": 1, "iter": 400, "memory": 25318, "step": 400}
{"lr": 2.722772277227716e-05, "data_time": 0.043244123458862305, "loss": 2.208031189441681, "sup_loss_rpn_cls": 0.13217719584703447, "sup_loss_rpn_bbox": 0.42400895059108734, "sup_loss_cls": 0.34009973526000975, "sup_acc": 45.517242431640625, "sup_num_pred_fg": 257.0, "sup_num_pred_bg": 468.0, "sup_num_gt_fg": 241.0, "sup_num_gt_bg": 484.0, "sup_acc_fg": 12.033195495605469, "sup_acc_bg": 62.19008255004883, "sup_loss_bbox": 1.2196437990665436, "time": 3.320135622024536, "unsup_loss_rpn_cls": 0.11996707692742348, "unsup_loss_rpn_bbox": 0.6858029514551163, "unsup_loss_cls": 1.2882589288055897, "unsup_acc": 64.76792907714844, "unsup_num_pred_fg": 10.0, "unsup_num_pred_bg": 464.0, "unsup_num_gt_fg": 158.0, "unsup_num_gt_bg": 316.0, "unsup_acc_fg": 0.0, "unsup_acc_bg": 97.15190124511719, "unsup_loss_bbox": 0.5146191380918026, "epoch": 1, "iter": 450, "memory": 25318, "step": 450}
